PRAGMA foreign_keys=OFF;
BEGIN TRANSACTION;
CREATE TABLE tag (id integer primary key, name char(30));
INSERT INTO tag VALUES(1,'Yarns');
INSERT INTO tag VALUES(2,'Patterns');
INSERT INTO tag VALUES(3,'Techniques');
INSERT INTO tag VALUES(4,'Finished products');
INSERT INTO tag VALUES(5,'Other');
CREATE TABLE post (id integer primary key, user_id char(20), time datetime, title text, content text);
INSERT INTO post VALUES(1,'margus','2023-03-17 17:18:43','This is some title','This is the content of the post. blah blah blah....');
INSERT INTO post VALUES(2,'margus','2023-03-17 17:41:18','This is a new title','This is the content of the post. blah blah blah....');
INSERT INTO post VALUES(3,'ajutine','2023-04-07 09:18:19','some title','test test test');
INSERT INTO post VALUES(4,'','2023-04-07 09:19:59','some new title','ksdklf jsdfk sklödfj ösldkdfj sdf sdf');
INSERT INTO post VALUES(5,'margusaid','2023-04-07 09:23:07','new test','dkljf sökdf sökdlfj ösdfsdf');
INSERT INTO post VALUES(6,'KoodJohvi24','2023-04-07 18:49:52','Kuidas alustada?','Tahaks osata kududa, aga ei oska. ');
INSERT INTO post VALUES(7,'KoodJohvi24','2023-04-07 19:54:06','proov','sdfsdgdfgdhbd');
INSERT INTO post VALUES(8,'SomeUsername','2023-04-07 21:54:34','minu lahe postitus','blablasda');
INSERT INTO post VALUES(9,'SomeUsername','2023-04-08 07:47:44','proovi postitus','afdsgfsgsd afdsf afsdf');
INSERT INTO post VALUES(10,'SomeUsername','2023-04-08 07:48:04','midagi veel','asfsg');
INSERT INTO post VALUES(11,'KoodJohvi24','2023-04-08 08:09:57','my cool post','adfsafs');
INSERT INTO post VALUES(12,'','2023-04-08 18:00:44','How to do the Italian bind-off ',replace(replace('So a pattern I am doing asks me to do an Italian bind-off and I have no idea what that is?\r\n\r\nCan anyone help? ','\r',char(13)),'\n',char(10)));
CREATE TABLE comment (id integer primary key, post_id integer, user_id char(20), time datetime, content text);
INSERT INTO comment VALUES(1,1,'user1','2023-03-17 19:10:53','This is BS!');
INSERT INTO comment VALUES(2,2,'user1','2023-03-17 19:12:12','OMG you''re totally right!');
INSERT INTO comment VALUES(3,12,'user1','2023-03-17 19:10:53','test');
CREATE TABLE feedback (id integer primary key, post_id integer, comment_id integer, user_id char(20), type char(1));
INSERT INTO feedback VALUES(1,1,NULL,'margus','+');
INSERT INTO feedback VALUES(2,2,NULL,'margus','-');
CREATE TABLE post_tag (id integer primary key, post_id integer, tag_id integer);
INSERT INTO post_tag VALUES(1,2,1);
INSERT INTO post_tag VALUES(2,2,2);
INSERT INTO post_tag VALUES(3,1,3);
INSERT INTO post_tag VALUES(4,3,1);
INSERT INTO post_tag VALUES(5,3,4);
INSERT INTO post_tag VALUES(6,4,2);
INSERT INTO post_tag VALUES(7,5,4);
INSERT INTO post_tag VALUES(8,6,1);
INSERT INTO post_tag VALUES(9,6,3);
INSERT INTO post_tag VALUES(14,9,1);
INSERT INTO post_tag VALUES(15,9,3);
INSERT INTO post_tag VALUES(16,7,1);
INSERT INTO post_tag VALUES(17,7,2);
INSERT INTO post_tag VALUES(18,7,4);
INSERT INTO post_tag VALUES(19,8,1);
INSERT INTO post_tag VALUES(20,8,5);
INSERT INTO post_tag VALUES(21,9,2);
INSERT INTO post_tag VALUES(22,9,4);
INSERT INTO post_tag VALUES(23,10,1);
INSERT INTO post_tag VALUES(24,11,1);
INSERT INTO post_tag VALUES(25,11,4);
INSERT INTO post_tag VALUES(36,12,3);
CREATE TABLE user (id char(20) primary key, email char(254), password text);
INSERT INTO user VALUES('margusaid','margus.axx@gmail.com','$2a$10$QM2MOW7OBUTea3g.KyxDI.V28oWUgcUjisBhivCqTXUlNLHGPb7JW$2a$10$pBTNpD/16MppOOii2egI8uC/BYstGlQLr1isyGHpl6lYb9aoM05Da');
INSERT INTO user VALUES('user1','user.1@example.com','$2a$14$46R03DKnyqJFyZ6K6LoV1OfkRGXME.3h7l9w3xL0JTUPE12OB8fHG$2a$14$vI32y9SsGfFzRpAhgm5.Se5t9pUgW05CMdJ3tF8cDkL36VT9EEiNW');
INSERT INTO user VALUES('test01','a@bb.cc','$2a$14$/Ygh6kEfSA34E1fUlPjup.G5RANSMpJvT7ZkFrjYaQmaHaNStGDti$2a$14$y1tgICDcEh8c.cIWuyDc6uSR26CBddrzF0ZCj13WAhE43gW.iGloK');
INSERT INTO user VALUES('KoodJohvi24','kood@gmail.com','$2a$14$KsJc9Z5JAlN6MhYboNaoJuuwMnmSBCY3a4x/4hr6e.efiH0zTOyDS$2a$14$qOfZPLDOozy1UFqMD2oF1.UTpS8ip8UefiGKLTpWSZvs/M9VeYEiC');
INSERT INTO user VALUES('KoodJohvi25','kood2@gmail.com','$2a$14$H36WfechZ/b06NWh0QauoeykAtykRqPws3qvsX/STZY0OFP7iO6Fy$2a$14$be/2qOm1MWci1yUC0wHx7ueBQCaM7QU7nj9PLIWkgU/rTcGZ4af0K');
INSERT INTO user VALUES('KoodJohvi123','kood123@gmail.com','$2a$14$2xarSQmcXG66cgmzRDGfW.p5VJauB/FTsQvaTzC0QLeJHNQa3z93y$2a$14$5buUr7knMs93kEEGgNDQdOOsS32TiTuY3fGHJwH90o2mLP7NkPQIO');
INSERT INTO user VALUES('SomeUsername','kood95@gmail.com','$2a$14$xAkL.vXkm7YA0OekVpFNqORnCOtI8YgT3.aYAOpY2BhRj8E0yQnSi$2a$14$tyg/gNOKiRC3/YCwtWuJxeBt4xDj/p/Mx7jMSPGXKVCJivqQiwhKS');
INSERT INTO user VALUES('KevinDurant24','proov@kood.com','$2a$14$0nBgCh8arDYMEc.EB0LoZuftNJ.yUMdwYYM4ISxOm4weRC885NF/e$2a$14$TbmR6g7RxC5E.usVNQsxpeyLE5zM9IlOQ//yps0btGxte0DDe1D8C');
INSERT INTO user VALUES('kood56','asdf@sd.com','$2a$14$E.s.rtiGsUF5gHTX6r06CeZpyvY94oDcik178Is6xszEOomZ9TpC.$2a$14$JN6GaHrtMijsGAfA3O3zC.d/GB9YrOOQ9mI75ZbZAhwBFV/UODTKK');
INSERT INTO user VALUES('joodik67','jood@gmail.com','$2a$14$Ri7bbLxJlwh2XgrtNfgJ.udTStpH74FTn18Vgv3tRByFBZtyrpDwq$2a$14$BVPdNp9XlS3Kq906uSIY9eFzTI1GF.bFIYSh.HoeYtbTdGPIXEYKy');
INSERT INTO user VALUES('myusername65','blabla@gmail.com','$2a$14$joJNQ5q3S9lwzQC4hC6tjOWky6l2uFQb0EvHj1vg8.HJl0rYyngUO$2a$14$eVWcN/EiygxcZhtmxZ4cCe.D7IJ.N2vi5h2AnnWwGRAghz9rtE3ee');
INSERT INTO user VALUES('aabits','quick@gmail.com','$2a$14$e93tijQQN3gmcKNQBbKppODNv7sX6vOx5WxdJFMQA6bPIptVXyA1e$2a$14$C17Pl8hj.P./byGOcCU/l.yk2joAIENAA/4zwkpdfwe5ix6.BYSuW');
INSERT INTO user VALUES('kretesaak','krete@saak.ee','$2a$14$4CWOPDLHFW7nWK9Hnh6XtuJVSUiY5P/.A4j79XKMCvvyTxjEPZqHK$2a$14$VVlhOuitvGvqRmK6AIGTtuUUnCaRlAD6AXrGwFBCMu.tyTaZ0vUQi');
CREATE TABLE session (id char(64) primary key, user_id char(20), expires datetime);
INSERT INTO session VALUES('1a4eae2b-93c4-4fd7-843e-344c69480442','test01','2023-04-10 13:49:16');
COMMIT;
